Emoji	Keyword 1	Keyword 2	Keyword 3	Keyword 4	Keyword 5
grinning_face	happy	content	positive	fun	good
face_with_tears_of_joy	laughter	humor	funny	lighthearted	comedy
upside-down_face	sarcasm	irony	playful	twist	lighthearted
winking_face	flirty	cheeky	witty	suggestive	mischief
smiling_face_with_hearts	affection	love	tenderness	adoration	warmth
smiling_face_with_heart-eyes	infatuation	romance	admiration	beauty	crush
star-struck	awe	celebrity	starstruck	fandom	glamour
smiling_face_with_tear	bittersweet	nostalgia	melancholy	sentimental	reflection
winking_face_with_tongue	silly	teasing	playful	zany	wild
face_with_peeking_eye	anxiety	nervous	peek	anticipation	suspense
thinking_face	thinking	puzzle	question	mystery	curiosity
shaking_face	fast	surprise	twist	rollercoaster	revelation
cowboy_hat_face	cowboy	adventure	wild west	brave	rugged
smiling_face_with_sunglasses	cool	confidence	swagger	popular	chill
nerd_face	nerd	intelligence	bookish	academic	smart
astonished_face	surprise	shock	astonishment	reveal	dramatic
flushed_face	embarrassed	awkward	blush	flustered	mortified
crying_face	sad	tears	tragedy	loss	emotional
face_screaming_in_fear	horror	fear	panic	terror	nightmare
disappointed_face	disappointment	regret	failure	resignation	sad
enraged_face	anger	rage	injustice	fury	revenge
smiling_face_with_horns	mischief	evil	dark	rebellious	trouble
skull	death	gothic	dark	macabre	skull
ghost	ghost	haunting	paranormal	spooky	ghoul
alien	alien	sci-fi	extraterrestrial	space	invader
broken_heart	heartbreak	breakup	romance	tragedy	emotional
red_heart	love	romance	passion	devotion	heart
raised_fist	resistance	power	justice	activism	solidarity
folded_hands	gratitude	hope	spiritual	peace	thanks
collision	explosion	action	drama	bang	conflict
nail_polish	glamour	sass	fashion	confidence	style
flexed_biceps	strength	motivation	athlete	resilience	power
child	childhood	youth	growing	play	family
person	everyday	adult	identity	neutral	relatable
old_woman	elder	wisdom	old	tradition	family
health_worker	doctor	health	medicine	hospital	recovery
student	student	learning	school	education	study
teacher	teacher	education	school	instruction	classroom
judge	judge	law	justice	court	authority
farmer	farmer	agriculture	earth	gardening	nature
cook	chef	cook	food	kitchen	recipe
mechanic	mechanic	repair	tools	fixing	car
scientist	scientist	laboratory	research	experiment	innovation
technologist	programmer	technology	worker	hacker	computer
singer	singer	music	show	performance	celebrity
artist	artist	creativity	painting	art	visual
astronaut	astronaut	space	exploration	rocket	discovery
firefighter	firefighter	hero	rescue	emergency	courage
police_officer	police	law	enforcement	authority	officer
detective	detective	mystery	investigation	crime	clues
construction_worker	construction	engineer	building	worker	build
person_in_tuxedo	formal	suit	tuxedo	fancy	event
Santa_Claus	christmas	holiday	winter	santa	giving
superhero	hero	power	superhero	justice	action
supervillain	villain	antagonist	evil	scheme	action
mage	wizard	magic	fantasy	spells	witch
fairy	fairy	whimsy	magic	nature	mythical
vampire	vampire	gothic	blood	immortal	dark
zombie	zombie	horror	apocalypse	undead	brains
person_running	running	escape	sports	exercise	adventure
woman_dancing	dance	passion	celebration	style	performer
person_in_suit_levitating	mystery	agent	surreal	suit	hover
kiss	romance	love	couple	kiss	relationship
family	family	home	connection	parenting	bond
dog_face	dog	loyalty	pet	bond	canine
cat_face	cat	independence	meow	pet	feline
horse_face	horse	farm	race	riding	animal
bear	bear	wilderness	strength	protection	forest
paw_prints	animal	nature	tracking	wild	untamed
hatching_chick	chick	spring	birth	new	beginning
dragon_face	dragon	fantasy	power	serpent	legend
T-Rex	dinosaur	prehistoric	extinct	rex	jungle
fish	fish	underwater	ocean	swim	nature
hot_beverage	coffee	cozy	routine	morning	cafe
wine_glass	wine	drunk	elegance	celebration	evening
fork_and_knife	dining	food	restaurant	meal	eat
world_map	map	exploration	travel	world	discovery
desert_island	island	beach	tropical	vacation	palm
mount_fuji	mountain	climb	peak	hike	heights
camping	camping	outdoors	forest	trees	stars
classical_building	history	classical	roman	greek	europe
stadium	stadium	sports	game	athletics	cheer
house	home	family	comfort	domestic	personal
office_building	office	work	business	corporate	urban
school	school	education	learning	students	class
castle	castle	fantasy	royalty	tower	fairytale
night_with_stars	night	city	urban	lights	skyscraper
automobile	car	road	travel	drive	speed
manual_wheelchair	wheelchair	accessibility	disability	mobility	inclusion
sailboat	sail	ocean	boat	sea	journey
airplane	airplane	flight	travel	trip	world
rocket	rocket	space	stars	planet	moon
rainbow	hope	vivid	rainbow	pride	color
umbrella_with_rain_drops	rain	drizzle	umbrella	weather	clouds
snowman_without_snow	snowman	winter	snow	ice	cold
water_wave	ocean	sea	water	wave	fluid
trophy	victory	success	achievement	prize	competition
water_pistol	danger	violence	action	gun	crime
performing_arts	theater	drama	performance	expression	playwrite
necktie	business	work	professional	career	tie
crown	royalty	crown	kingdom	prince	princess
high-heeled_shoe	fashion	shoes	fancy	heels	confidence
musical_note	music	sound	song	art	band
magnifying_glass_tilted_left	mystery	investigation	detective	clue	search
crossed_swords	battle	war	weapons	fight	swords
place_of_worship	faith	religion	spirituality	belief	devotion
rainbow_flag	LGBTQ	pride	gay	trans	queer
pirate_flag	pirate	rebellion	ship	sea	treasure